sex,sat_v,sat_m,sat_sum,hs_gpa,fy_gpa
2.0,74.0,63.0,118.0,3.591258716583252,3.7844738960266113
1.0,74.0,47.0,117.0,1.8872161097824574,3.9817893505096436
2.0,45.0,71.0,82.0,3.967048943042755,0.8740944266319275
1.0,44.0,76.0,143.0,2.9844306826591493,3.930748224258423
1.0,75.0,64.0,69.0,2.1280136853456497,2.1506597995758057
2.0,61.0,70.0,140.0,3.9938071131706243,3.8441147804260254
2.0,37.0,70.0,128.0,3.9669743299484255,3.9988062381744385
1.0,50.0,50.0,64.0,3.9844958186149597,3.93866229057312
1.0,55.0,30.0,53.0,1.8010190369386692,3.2751379013061523
2.0,67.0,57.0,130.0,2.3688935697078706,0.5904510617256165
1.0,73.0,74.0,66.0,3.9906548738479612,3.95719575881958
2.0,59.0,57.0,142.0,3.742404127120972,3.879993438720703
1.0,75.0,43.0,143.0,3.749070262908936,3.8420662879943848
2.0,41.0,35.0,55.0,3.5726194739341737,3.281874418258667
2.0,49.0,60.0,66.0,3.7105279445648196,3.915416717529297
2.0,58.0,77.0,107.0,3.9933393716812136,3.6475958824157715
1.0,75.0,54.0,105.0,3.901141977310181,0.18696178495883942
1.0,61.0,34.0,100.0,3.4130004286766056,0.45555511116981506
2.0,44.0,30.0,53.0,2.2045160055160524,0.6509581208229065
1.0,44.0,65.0,97.0,3.892704272270203,0.7025901079177856
1.0,73.0,71.0,143.0,3.9918722867965704,3.9948832988739014
2.0,58.0,63.0,79.0,3.9005142569541933,3.9231643676757812
2.0,66.0,31.0,117.0,2.3263979047536854,3.9109790325164795
2.0,66.0,54.0,130.0,1.8466823250055313,3.3939151763916016
1.0,53.0,55.0,135.0,2.9281343817710876,3.2312519550323486
2.0,73.0,69.0,112.0,3.922499418258667,3.9859750270843506
1.0,52.0,30.0,53.0,2.936584806442261,0.058942005038261414
1.0,40.0,53.0,119.0,3.687055373191834,3.5612518787384033
1.0,57.0,47.0,130.0,3.5700941681861877,0.0017861542291939259
2.0,73.0,54.0,132.0,2.4522822916507723,0.9300990700721741
1.0,45.0,63.0,78.0,1.8283163433894516,0.29759782552719116
1.0,75.0,54.0,135.0,3.639509522914887,3.9007275104522705
2.0,74.0,70.0,121.0,3.424038577079773,3.983548879623413
1.0,37.0,53.0,128.0,3.857521510124207,1.8807287216186523
2.0,70.0,71.0,96.0,3.990662479400635,0.3208901584148407
1.0,26.0,29.0,53.0,1.8835379481315613,0.4684945046901703
2.0,69.0,72.0,143.0,3.9980028867721558,3.9918112754821777
1.0,74.0,69.0,137.0,3.795445251464844,3.8344264030456543
2.0,71.0,75.0,144.0,3.997325074672699,3.9856109619140625
2.0,75.0,46.0,143.0,2.075346904993057,0.7676577568054199
2.0,75.0,32.0,62.0,3.7789633631706243,1.4459928274154663
1.0,74.0,72.0,143.0,3.880441498756409,0.19450914859771729
1.0,69.0,62.0,89.0,3.3574956297874454,0.04775548353791237
2.0,69.0,39.0,54.0,3.9531983137130737,2.188915729522705
2.0,28.0,74.0,139.0,3.854877531528473,3.999323844909668
1.0,49.0,69.0,94.0,2.6263094663619997,3.8185458183288574
1.0,70.0,73.0,116.0,2.2642906665802003,3.9078853130340576
2.0,71.0,69.0,137.0,3.9849782466888426,3.9820923805236816
2.0,66.0,75.0,110.0,3.98397182226181,1.5938987731933594
2.0,75.0,54.0,135.0,3.975605845451355,1.3789520263671875
2.0,51.0,74.0,109.0,3.9994399428367613,3.8955602645874023
2.0,75.0,61.0,137.0,3.8493657350540165,3.691364288330078
1.0,38.0,72.0,134.0,2.965039145946503,3.8637211322784424
1.0,65.0,66.0,78.0,2.158612921833992,0.2409220188856125
1.0,75.0,72.0,115.0,3.5240631341934208,0.08892679214477539
2.0,63.0,76.0,138.0,3.1787694692611694,3.9898691177368164
1.0,39.0,61.0,144.0,3.9915472149848936,3.99027419090271
1.0,34.0,35.0,55.0,2.004982839524746,0.2650406062602997
1.0,76.0,76.0,130.0,3.9725122213363653,0.34971705079078674
1.0,37.0,33.0,56.0,1.8129389280453325,0.04662621393799782
1.0,74.0,60.0,82.0,3.680228734016419,2.4227919578552246
2.0,75.0,38.0,59.0,3.8443977355957033,0.016690097749233246
2.0,25.0,68.0,143.0,2.9742161631584167,3.999939441680908
1.0,57.0,70.0,75.0,3.785742008686066,2.2324955463409424
2.0,64.0,76.0,129.0,3.997300159931183,3.5684876441955566
2.0,74.0,54.0,120.0,3.4845495343208315,0.19107632339000702
1.0,31.0,31.0,66.0,2.3202604204416275,0.8359985947608948
2.0,35.0,30.0,80.0,3.4394798159599307,0.8293603658676147
1.0,74.0,31.0,55.0,3.958251416683197,3.855889081954956
2.0,49.0,31.0,113.0,3.582918965816498,3.959815502166748
1.0,75.0,59.0,61.0,3.8806136727333067,0.18975085020065308
2.0,60.0,42.0,144.0,3.8637402296066288,3.974214553833008
2.0,36.0,31.0,74.0,3.9451113820075987,1.389577865600586
1.0,76.0,56.0,143.0,3.713756239414215,2.889918088912964
1.0,53.0,70.0,73.0,3.9959126710891724,0.8186876177787781
1.0,60.0,64.0,144.0,3.998454761505127,3.9998936653137207
1.0,44.0,46.0,96.0,3.9740501165390016,0.23255248367786407
1.0,74.0,58.0,139.0,1.858872140944004,0.0082390820607543
1.0,71.0,76.0,63.0,3.743072891235352,0.10850448906421661
2.0,28.0,29.0,53.0,1.8070784619543703,1.6322678327560425
1.0,32.0,50.0,63.0,1.9810567542910578,0.05228981003165245
1.0,31.0,31.0,53.0,1.848218445852399,0.4775242805480957
2.0,41.0,29.0,68.0,1.8935612715780736,3.9947426319122314
2.0,32.0,73.0,141.0,3.9995396018028258,3.9947330951690674
2.0,74.0,72.0,144.0,3.9212566971778875,3.9903621673583984
2.0,75.0,76.0,109.0,3.4494733810424805,3.979214906692505
1.0,74.0,66.0,143.0,2.2399968266487122,3.069175958633423
2.0,45.0,31.0,95.0,2.2753523528575896,3.9564085006713867
2.0,38.0,29.0,68.0,1.8172000803053379,3.4726791381835938
2.0,45.0,31.0,53.0,2.399960219860077,3.9467384815216064
1.0,74.0,65.0,95.0,2.2249584197998047,2.675708293914795
1.0,63.0,72.0,143.0,3.988854849338532,3.5063626766204834
1.0,74.0,62.0,140.0,3.923406708240509,0.17674385011196136
1.0,44.0,65.0,129.0,2.1061325430870057,3.9874746799468994
1.0,63.0,34.0,73.0,3.7770779728889465,0.9641342163085938
1.0,67.0,37.0,133.0,3.8184600472450256,3.99828839302063
2.0,72.0,66.0,115.0,2.1627462774515154,3.999462604522705
1.0,74.0,75.0,71.0,3.79797226190567,0.00897991843521595
1.0,57.0,35.0,131.0,3.9824970006942753,3.6948742866516113
2.0,55.0,64.0,143.0,3.9953594326972963,3.951502799987793
2.0,62.0,77.0,99.0,3.9912485003471376,3.9896960258483887
2.0,72.0,77.0,143.0,3.9992092847824097,3.951234817504883
2.0,75.0,72.0,80.0,3.9851825475692753,3.6618564128875732
1.0,71.0,67.0,143.0,2.75561940073967,1.5676043033599854
2.0,30.0,37.0,64.0,3.308596909046173,3.73502516746521
1.0,69.0,75.0,140.0,2.0486353516578677,0.4825911521911621
1.0,69.0,72.0,142.0,3.9054305911064153,0.0005376262124627829
2.0,28.0,30.0,58.0,3.3882139325141907,3.734851360321045
1.0,26.0,31.0,53.0,3.7378823637962344,0.07792561501264572
1.0,75.0,77.0,144.0,3.99972620010376,3.896307945251465
1.0,75.0,40.0,69.0,3.977159869670868,0.13495971262454987
1.0,35.0,45.0,78.0,1.804716752935201,3.9391930103302
1.0,75.0,55.0,133.0,3.827829039096833,3.5310263633728027
1.0,31.0,32.0,87.0,1.989433090388775,2.662705898284912
2.0,55.0,46.0,121.0,3.953582918643952,3.999300718307495
1.0,62.0,75.0,140.0,3.7711178421974187,1.3215060234069824
1.0,70.0,69.0,142.0,2.0041168719530105,3.093463897705078
1.0,26.0,33.0,95.0,1.8051750832702964,0.47566381096839905
2.0,75.0,75.0,140.0,3.735251891613007,3.9737086296081543
1.0,54.0,58.0,126.0,2.583547180891037,3.536771059036255
2.0,43.0,49.0,54.0,2.2724745690822603,0.07308952510356903
1.0,67.0,63.0,102.0,3.5673978686332704,3.743328809738159
1.0,73.0,77.0,143.0,3.9994176506996153,3.891523599624634
2.0,65.0,36.0,92.0,3.844731855392456,0.2423115223646164
1.0,54.0,74.0,135.0,3.8413345336914064,0.6381844282150269
1.0,74.0,74.0,141.0,3.898459184169769,3.977423906326294
2.0,68.0,46.0,123.0,3.9984126687049866,0.20891399681568146
1.0,35.0,41.0,57.0,3.861066222190857,0.6095723509788513
2.0,44.0,38.0,58.0,3.3781668663024904,1.320230484008789
1.0,67.0,77.0,142.0,3.979666292667389,3.282362699508667
1.0,71.0,75.0,83.0,2.321384140849114,0.4371017813682556
1.0,39.0,52.0,123.0,3.901855850219727,3.9884321689605713
2.0,41.0,30.0,105.0,2.0172026842832564,3.9920620918273926
2.0,46.0,50.0,105.0,3.302853798866272,3.8598575592041016
2.0,29.0,69.0,133.0,3.9361612200737,3.9976115226745605
2.0,75.0,53.0,56.0,3.993467617034912,1.7772181034088135
2.0,29.0,39.0,62.0,3.888062000274658,3.9548962116241455
1.0,46.0,60.0,90.0,3.412138378620148,1.4822839498519897
2.0,75.0,71.0,136.0,3.641527879238129,3.849130392074585
2.0,59.0,32.0,101.0,3.969409549236298,3.998581886291504
2.0,75.0,58.0,65.0,3.1849327206611635,3.7257015705108643
2.0,39.0,30.0,128.0,3.8827344417572025,3.824131965637207
1.0,70.0,32.0,53.0,1.8202623089775443,0.46217069029808044
2.0,60.0,50.0,135.0,3.7917776703834534,3.983647346496582
1.0,31.0,49.0,94.0,1.9221464052796364,9.438920187676558e-07
1.0,57.0,74.0,104.0,3.981576073169708,3.9762485027313232
2.0,41.0,31.0,56.0,3.985846984386444,0.6179131865501404
2.0,51.0,70.0,89.0,3.9631618499755863,3.9805381298065186
1.0,63.0,72.0,144.0,3.98897784948349,3.964404344558716
2.0,62.0,69.0,115.0,3.998958563804627,3.9871435165405273
2.0,66.0,42.0,109.0,3.9997991085052496,3.9033238887786865
1.0,69.0,42.0,64.0,3.0341029405593876,0.47135674953460693
2.0,76.0,53.0,86.0,3.852450048923493,0.07890172302722931
2.0,62.0,71.0,144.0,3.9868016123771666,3.945713758468628
1.0,72.0,71.0,144.0,3.5471753597259523,3.9760525226593018
1.0,76.0,71.0,144.0,3.7229950189590455,3.7889955043792725
2.0,75.0,49.0,95.0,2.729682105779648,2.985729217529297
1.0,66.0,72.0,92.0,3.983419895172119,3.7094368934631348
2.0,27.0,33.0,56.0,3.139963185787201,3.0738377571105957
2.0,70.0,75.0,119.0,3.9993042230606077,3.959418535232544
2.0,46.0,48.0,59.0,2.6490033864974976,0.12744159996509552
2.0,51.0,48.0,66.0,3.9360199928283697,3.796241044998169
2.0,57.0,77.0,142.0,3.998661684989929,0.187031090259552
2.0,29.0,30.0,53.0,2.597958129644394,1.2105655670166016
1.0,66.0,52.0,76.0,2.0856544941663744,3.562431573867798
2.0,71.0,32.0,69.0,3.7962484240531924,3.9993786811828613
1.0,75.0,76.0,144.0,3.981645178794861,3.998868703842163
1.0,74.0,64.0,144.0,3.159772503376007,2.8961944580078125
1.0,42.0,67.0,144.0,3.9831202626228333,3.9998345375061035
2.0,45.0,35.0,59.0,3.371576261520386,3.993823528289795
1.0,26.0,29.0,53.0,1.8080592934507878,1.9205814599990845
1.0,71.0,77.0,143.0,3.9988464474678045,3.803334951400757
2.0,31.0,48.0,143.0,3.9978094696998596,3.9993677139282227
2.0,72.0,77.0,135.0,3.6004685163497925,3.1389148235321045
1.0,75.0,75.0,143.0,3.999928665161133,3.9834935665130615
1.0,75.0,73.0,136.0,3.9973766088485716,0.04228227213025093
2.0,65.0,48.0,57.0,3.5062442421913147,1.969826579093933
1.0,53.0,42.0,54.0,2.6857040464878086,2.5930871963500977
2.0,55.0,41.0,57.0,1.891009518504143,1.7434576749801636
1.0,74.0,59.0,142.0,3.8397359251976013,2.464891195297241
2.0,72.0,64.0,103.0,3.797980654239655,3.952401638031006
1.0,35.0,38.0,90.0,3.881783223152161,3.9931111335754395
2.0,57.0,35.0,121.0,3.8936648011207584,3.994241952896118
2.0,40.0,76.0,116.0,3.994706404209137,2.767469882965088
1.0,72.0,77.0,144.0,3.9989580392837523,2.778322696685791
2.0,75.0,67.0,135.0,3.656424927711487,2.9880800247192383
2.0,46.0,76.0,126.0,3.957643234729767,3.997917413711548
1.0,49.0,47.0,110.0,2.3971409857273103,2.1107418537139893
2.0,36.0,68.0,55.0,3.1044990181922913,3.9066591262817383
1.0,74.0,76.0,139.0,3.9972753763198856,3.4137628078460693
1.0,62.0,54.0,139.0,3.753241777420044,3.681652307510376
2.0,31.0,30.0,58.0,1.8153146849013866,2.7575244903564453
1.0,52.0,48.0,94.0,2.6205198705196384,0.02806289680302143
1.0,70.0,76.0,144.0,3.1765106201171878,3.9420242309570312
1.0,63.0,74.0,116.0,3.9344624280929565,0.2991403639316559
2.0,66.0,76.0,140.0,3.2542760848999026,3.905452251434326
2.0,51.0,32.0,62.0,1.9195906445384026,0.0012454852694645524
1.0,56.0,44.0,54.0,2.0185945495963096,0.4862188994884491
1.0,55.0,31.0,53.0,1.904594961553812,0.00017945474246516824
1.0,49.0,72.0,109.0,3.9837108731269835,3.967939615249634
1.0,66.0,30.0,70.0,2.4211090326309206,3.2651712894439697
1.0,62.0,52.0,57.0,1.9937711074948312,0.0022738645784556866
2.0,53.0,70.0,143.0,3.9128100752830504,3.9997000694274902
1.0,70.0,69.0,118.0,3.9817617535591125,1.0432498455047607
2.0,56.0,40.0,95.0,1.9846068263053895,3.966745615005493
1.0,71.0,63.0,143.0,2.6224091947078705,2.6943888664245605
1.0,74.0,74.0,143.0,3.9853124976158147,3.788029670715332
2.0,44.0,75.0,135.0,3.970983242988587,3.8201282024383545
2.0,37.0,70.0,109.0,3.9999221086502077,3.998650074005127
1.0,66.0,31.0,54.0,3.2123397231101993,0.09149377048015594
2.0,58.0,33.0,64.0,1.804641695227474,0.0004278198175597936
1.0,76.0,71.0,138.0,3.9855857729911808,0.012559912167489529
2.0,71.0,75.0,76.0,3.995270395278931,1.0803520679473877
2.0,47.0,51.0,98.0,3.7855349540710455,3.9855096340179443
2.0,61.0,74.0,79.0,3.991827964782715,3.410723924636841
1.0,45.0,74.0,110.0,3.8724232792854307,3.4251537322998047
2.0,75.0,31.0,136.0,2.3571026027202606,3.7739925384521484
2.0,30.0,74.0,143.0,3.98352427482605,3.3788111209869385
1.0,25.0,30.0,55.0,1.971372623741627,3.3198211193084717
1.0,37.0,61.0,133.0,3.036879229545593,3.9819529056549072
2.0,62.0,73.0,66.0,3.9036758065223696,3.8191943168640137
1.0,58.0,77.0,143.0,3.9963935256004337,3.9116451740264893
1.0,56.0,42.0,96.0,1.801770631747786,2.849381446838379
1.0,70.0,76.0,138.0,3.9254596829414368,2.2207388877868652
1.0,76.0,77.0,144.0,3.9936121225357057,1.4273340702056885
1.0,70.0,62.0,132.0,3.4796409368515016,3.9951858520507812
1.0,73.0,74.0,129.0,1.9072178445756436,0.9703347682952881
1.0,25.0,30.0,76.0,1.8396810449659824,3.973921298980713
2.0,71.0,60.0,144.0,3.998009967803955,3.998934507369995
1.0,49.0,32.0,55.0,1.9924721807241441,3.183626174926758
1.0,66.0,30.0,57.0,2.2716157644987107,0.02586529031395912
2.0,64.0,60.0,106.0,3.4586751818656922,0.7468379735946655
1.0,42.0,61.0,122.0,3.6379405498504642,3.9363584518432617
2.0,24.0,32.0,123.0,2.3636578023433685,3.9301602840423584
1.0,52.0,69.0,126.0,3.860520458221436,0.2675592005252838
1.0,68.0,77.0,128.0,3.967313301563263,3.914693593978882
2.0,30.0,30.0,98.0,2.379004693031311,3.9942774772644043
1.0,35.0,75.0,133.0,3.99437792301178,3.60911226272583
1.0,25.0,65.0,134.0,3.2958447575569156,3.8395116329193115
2.0,40.0,74.0,65.0,3.976417672634125,3.9698486328125
2.0,44.0,62.0,134.0,3.9873739957809446,3.9842777252197266
2.0,69.0,75.0,123.0,3.8339684247970585,2.746185064315796
2.0,54.0,33.0,141.0,3.9199785709381105,3.9857311248779297
2.0,73.0,71.0,131.0,3.992913067340851,3.99874210357666
2.0,25.0,35.0,56.0,1.847081046923995,3.4864649772644043
1.0,68.0,65.0,143.0,3.9790578484535217,3.6938931941986084
1.0,71.0,76.0,138.0,3.9061723947525024,3.6745822429656982
1.0,71.0,44.0,104.0,1.993768173456192,3.9522318840026855
2.0,73.0,73.0,90.0,3.922797608375549,3.960752248764038
2.0,53.0,72.0,129.0,3.941033887863159,1.3582528829574585
1.0,57.0,76.0,143.0,3.991673624515534,3.8919517993927
1.0,40.0,42.0,97.0,1.9588203474879267,0.5943295359611511
1.0,76.0,68.0,121.0,3.167144250869751,3.7329771518707275
2.0,38.0,30.0,53.0,2.493034154176712,0.035685278475284576
2.0,64.0,45.0,68.0,3.5427779078483583,0.1027291864156723
2.0,73.0,49.0,125.0,2.837093490362167,3.513786792755127
2.0,75.0,77.0,56.0,2.522762948274613,0.4153731167316437
2.0,47.0,39.0,139.0,3.8831464529037474,3.9725263118743896
2.0,45.0,30.0,66.0,1.952200172841549,3.0899927616119385
2.0,59.0,76.0,134.0,3.956734764575958,3.989957332611084
1.0,76.0,58.0,94.0,3.9626799464225773,1.8264580965042114
2.0,24.0,35.0,72.0,3.725739312171936,3.9997177124023438
2.0,49.0,76.0,127.0,3.992940080165863,3.960106372833252
2.0,27.0,67.0,70.0,2.1849623918533325,3.8799471855163574
2.0,67.0,32.0,136.0,3.9099987745285034,2.061851978302002
1.0,75.0,76.0,133.0,3.7127764344215395,3.4176032543182373
1.0,60.0,48.0,99.0,3.9790164113044737,3.975837230682373
1.0,51.0,58.0,139.0,3.6225983142852787,3.6812491416931152
1.0,70.0,51.0,144.0,3.9998536586761473,3.964350938796997
1.0,61.0,35.0,55.0,2.9253889083862306,0.12327034026384354
2.0,73.0,71.0,122.0,3.810166454315186,3.103639841079712
1.0,26.0,32.0,55.0,1.8376288037747146,0.5580868721008301
1.0,71.0,76.0,143.0,3.8088733792304996,3.568030834197998
1.0,74.0,65.0,86.0,3.8758481383323673,3.982805013656616
1.0,75.0,64.0,103.0,2.8053179502487184,1.5975574254989624
2.0,72.0,66.0,65.0,3.2590165734291077,0.1477031260728836
2.0,67.0,77.0,142.0,3.7444388747215274,3.9960315227508545
2.0,69.0,35.0,67.0,3.970793759822846,1.6462699174880981
2.0,32.0,29.0,140.0,1.839235681667924,3.7951629161834717
2.0,49.0,63.0,143.0,3.4679753303527834,3.916048288345337
2.0,76.0,75.0,129.0,3.9726521372795105,3.938213348388672
1.0,24.0,36.0,141.0,1.9741455361247064,3.9984817504882812
2.0,72.0,63.0,140.0,3.9964097857475283,3.7272331714630127
1.0,39.0,76.0,139.0,3.993023478984833,3.9973230361938477
1.0,66.0,76.0,139.0,3.8573770046234133,2.647251844406128
1.0,32.0,29.0,53.0,1.800122757981444,8.475490903947502e-05
2.0,56.0,72.0,106.0,3.9874802112579344,3.9923646450042725
2.0,68.0,77.0,138.0,3.9993494629859923,3.91890025138855
2.0,42.0,32.0,64.0,2.383884769678116,3.7857959270477295
1.0,75.0,70.0,53.0,3.8735044479370115,1.8354207277297974
2.0,42.0,60.0,134.0,3.9599151968956,3.998581886291504
2.0,31.0,47.0,133.0,3.6268718481063846,3.6757450103759766
1.0,29.0,29.0,60.0,1.9342132948338986,3.988684892654419
2.0,59.0,43.0,137.0,2.0205244421958923,1.9421329498291016
2.0,51.0,32.0,99.0,3.9580671787261963,2.1138522624969482
2.0,68.0,76.0,127.0,3.9981657505035404,2.2312521934509277
2.0,38.0,67.0,144.0,3.99831759929657,3.996514081954956
1.0,65.0,57.0,68.0,1.9723873749375345,3.997875928878784
2.0,68.0,51.0,104.0,2.189746317267418,1.3831042051315308
1.0,47.0,49.0,55.0,1.8218762043863534,0.09964477270841599
2.0,49.0,76.0,142.0,3.9639999032020574,3.998802661895752
1.0,57.0,52.0,64.0,2.227060765028,2.9115188121795654
2.0,71.0,65.0,67.0,3.9976424098014833,2.061082601547241
1.0,74.0,67.0,116.0,3.5702014327049256,0.6319385170936584
2.0,75.0,72.0,96.0,2.0440044552087784,3.354130744934082
2.0,28.0,47.0,86.0,3.7499279856681826,3.995072603225708
2.0,63.0,71.0,132.0,3.9590412139892583,3.9957435131073
1.0,71.0,34.0,55.0,2.0909886747598647,3.6357674598693848
1.0,60.0,34.0,105.0,2.902169680595398,3.531402826309204
1.0,58.0,76.0,123.0,3.952176022529602,3.9672038555145264
2.0,45.0,77.0,144.0,3.99941371679306,3.9976158142089844
2.0,33.0,73.0,140.0,2.522716921567917,3.9992620944976807
1.0,24.0,56.0,132.0,3.867422890663147,0.9439975619316101
2.0,60.0,59.0,135.0,1.974962018430233,1.4276841878890991
1.0,69.0,76.0,141.0,3.9867856144905094,3.022510528564453
1.0,75.0,63.0,62.0,2.7483192503452303,3.54217267036438
2.0,38.0,74.0,125.0,1.9032981738448143,0.016865402460098267
1.0,72.0,34.0,140.0,2.6878242909908296,3.975764274597168
1.0,60.0,74.0,141.0,3.999401652812958,3.9945290088653564
2.0,34.0,30.0,59.0,2.000147593021393,3.9920806884765625
2.0,51.0,31.0,130.0,3.967871916294098,3.5165412425994873
2.0,33.0,30.0,55.0,3.898193907737732,2.716608762741089
2.0,60.0,77.0,143.0,3.9963794946670532,3.975480556488037
1.0,44.0,48.0,124.0,2.674067747592926,1.473665475845337
2.0,47.0,76.0,143.0,3.9939453244209293,3.395254611968994
2.0,39.0,57.0,77.0,3.9915963888168333,2.171093702316284
1.0,31.0,32.0,58.0,1.8014029026613572,0.29412269592285156
2.0,47.0,43.0,144.0,2.0489427700638774,3.792178153991699
1.0,51.0,53.0,143.0,3.465748739242554,3.992462635040283
1.0,70.0,71.0,134.0,3.4052914142608643,1.1818647384643555
1.0,72.0,77.0,144.0,3.9998353004455565,3.9705421924591064
1.0,74.0,75.0,137.0,3.9782756567001343,3.99851131439209
1.0,67.0,74.0,125.0,3.8807880759239195,3.3271729946136475
2.0,25.0,65.0,109.0,3.1822360277175905,3.9892172813415527
1.0,56.0,43.0,91.0,3.4187246561050415,1.0841012001037598
1.0,74.0,61.0,110.0,3.2345319390296936,1.751387596130371
2.0,25.0,45.0,129.0,3.9249355554580694,3.994243860244751
2.0,72.0,76.0,136.0,3.9982874393463135,3.9962997436523438
2.0,32.0,75.0,65.0,3.998973250389099,3.4048540592193604
2.0,31.0,71.0,134.0,3.668624758720398,3.9804446697235107
2.0,28.0,47.0,93.0,3.8447048425674444,3.992154359817505
2.0,27.0,63.0,100.0,3.993589174747467,3.7771472930908203
2.0,30.0,73.0,101.0,3.025901663303375,3.1055333614349365
2.0,74.0,75.0,137.0,3.8841022610664373,3.722235679626465
2.0,47.0,69.0,141.0,3.797728228569031,3.9928197860717773
1.0,59.0,63.0,133.0,3.796661221981049,1.3453874588012695
2.0,39.0,34.0,63.0,3.991957128047943,1.671073079109192
1.0,70.0,63.0,143.0,3.258020901679993,2.5585200786590576
1.0,49.0,62.0,115.0,3.9835878729820253,1.1382982730865479
1.0,32.0,30.0,74.0,2.2049364745616913,0.11673703044652939
2.0,73.0,77.0,144.0,3.9968105196952823,3.999934196472168
2.0,27.0,36.0,136.0,2.740196716785431,3.99621844291687
1.0,74.0,73.0,95.0,2.8898941218853,0.013400515541434288
2.0,63.0,59.0,90.0,3.6021393775939945,0.7414553761482239
1.0,61.0,29.0,54.0,3.8041546583175663,2.7050940990448
1.0,55.0,39.0,111.0,2.5659847140312197,1.3207563161849976
2.0,73.0,44.0,59.0,3.6830817341804507,1.5781505107879639
2.0,73.0,39.0,121.0,3.762529337406159,3.692796468734741
2.0,50.0,75.0,102.0,2.4622756600379945,3.9566404819488525
2.0,32.0,53.0,142.0,3.101399230957031,3.6891872882843018
2.0,72.0,56.0,87.0,3.9661927938461305,3.6209707260131836
1.0,68.0,62.0,56.0,1.8707539565861226,1.1331654787063599
1.0,28.0,31.0,71.0,2.5637239634990694,1.3463352918624878
1.0,65.0,75.0,144.0,3.3506981015205386,3.9714016914367676
2.0,48.0,69.0,110.0,3.963292717933655,1.5657451152801514
2.0,34.0,33.0,53.0,2.9733865022659303,3.931793451309204
2.0,44.0,45.0,141.0,2.7706530869007113,3.9779908657073975
1.0,69.0,72.0,142.0,3.999820876121521,3.8367249965667725
2.0,34.0,69.0,132.0,3.9504744768142706,1.1353589296340942
1.0,36.0,72.0,59.0,3.994361007213593,2.6131672859191895
2.0,25.0,65.0,90.0,3.698518252372742,3.9646472930908203
1.0,58.0,68.0,108.0,3.9234777808189394,0.2765842080116272
1.0,59.0,71.0,104.0,3.7570897936820984,1.558613896369934
2.0,76.0,57.0,107.0,3.597592437267304,3.6447160243988037
2.0,76.0,31.0,81.0,2.623080122470856,0.000505156465806067
2.0,27.0,50.0,139.0,3.853508400917053,3.9792566299438477
1.0,76.0,54.0,143.0,3.996873068809509,3.85866379737854
1.0,69.0,39.0,100.0,2.129886192083359,3.9504218101501465
2.0,31.0,63.0,92.0,3.9906543493270874,3.990119695663452
1.0,70.0,33.0,53.0,2.1066406071186066,0.02915542759001255
2.0,41.0,75.0,137.0,3.90346691608429,3.520580530166626
2.0,38.0,29.0,61.0,3.096887695789337,3.7377095222473145
1.0,41.0,51.0,93.0,3.282258224487305,2.647172689437866
2.0,69.0,72.0,142.0,3.990973258018494,3.996304988861084
2.0,61.0,71.0,113.0,3.996131658554077,3.9296388626098633
1.0,68.0,76.0,143.0,3.9742967724800113,3.888190984725952
2.0,72.0,54.0,142.0,3.9878480315208433,3.9455368518829346
1.0,34.0,31.0,56.0,1.8384366028010846,1.3662514686584473
2.0,29.0,30.0,61.0,1.8111818620003761,3.6375985145568848
2.0,40.0,29.0,68.0,1.8079335595481099,0.07586928457021713
1.0,66.0,60.0,106.0,3.732358503341675,1.8192803859710693
2.0,75.0,60.0,105.0,3.9594241142272955,3.884769916534424
2.0,48.0,74.0,93.0,2.6166430056095127,2.189836263656616
2.0,52.0,43.0,55.0,3.697207081317902,3.3667454719543457
2.0,52.0,31.0,129.0,1.8213509561493992,3.6084864139556885
2.0,42.0,51.0,138.0,3.892116153240204,3.5186398029327393
1.0,51.0,64.0,141.0,3.9998295307159424,3.996187925338745
2.0,71.0,30.0,56.0,1.9119090363383293,3.2595717906951904
2.0,73.0,37.0,143.0,3.3951446890830996,3.52016544342041
2.0,43.0,72.0,135.0,3.952801907062531,3.8945131301879883
2.0,62.0,71.0,94.0,3.4737556815147403,3.9908347129821777
2.0,73.0,77.0,144.0,3.9994032263755797,3.997452974319458
1.0,59.0,76.0,141.0,3.961829042434693,3.926011085510254
1.0,42.0,73.0,140.0,3.992098486423493,3.8210372924804688
2.0,32.0,64.0,113.0,3.8369681596755987,3.9827284812927246
1.0,69.0,36.0,53.0,3.5061368465423586,0.05061247572302818
1.0,70.0,47.0,106.0,1.9904194518923761,0.8617631196975708
2.0,75.0,76.0,141.0,3.9984108328819277,1.9876924753189087
2.0,73.0,69.0,141.0,3.981491494178772,3.391150951385498
2.0,73.0,36.0,68.0,2.2422120422124863,3.886758804321289
2.0,43.0,77.0,138.0,3.9999373197555546,3.994887113571167
1.0,72.0,77.0,143.0,3.9857014298439024,3.61710524559021
2.0,26.0,32.0,68.0,1.9085967116057874,0.7903451323509216
1.0,59.0,60.0,95.0,3.979263722896576,3.9599521160125732
2.0,57.0,31.0,61.0,3.8789964437484743,3.9954166412353516
1.0,72.0,39.0,53.0,1.9139314331114292,0.0006770688341930509
2.0,44.0,73.0,137.0,3.998817336559296,3.9948081970214844
2.0,59.0,60.0,81.0,3.998999083042145,3.9678826332092285
2.0,75.0,58.0,137.0,3.9856639266014104,3.9960427284240723
1.0,66.0,47.0,134.0,2.6932539343833923,0.1761716604232788
1.0,53.0,30.0,56.0,1.8490680016577243,0.5316267013549805
2.0,36.0,32.0,72.0,3.194944512844086,0.19856150448322296
2.0,76.0,49.0,133.0,3.697512483596802,3.9948320388793945
1.0,75.0,39.0,130.0,2.5647110462188722,3.974397659301758
1.0,70.0,32.0,80.0,3.9410843729972838,2.2333438396453857
2.0,74.0,63.0,61.0,3.977765691280365,0.6112219095230103
1.0,61.0,45.0,143.0,2.2390126287937164,3.912790060043335
2.0,64.0,49.0,76.0,3.6784398555755615,3.954845905303955
2.0,66.0,52.0,144.0,3.9984100461006165,3.9807827472686768
1.0,47.0,51.0,143.0,3.9438842654228212,3.9805660247802734
1.0,42.0,76.0,142.0,3.9982937335968023,3.9391555786132812
1.0,65.0,32.0,53.0,1.9459180518984796,1.5740257501602173
1.0,69.0,74.0,137.0,3.942630791664124,3.8735404014587402
1.0,73.0,38.0,54.0,2.594082182645798,3.931428909301758
2.0,46.0,30.0,53.0,1.8281222850084304,0.03467957675457001
1.0,33.0,46.0,66.0,3.9950476050376897,0.018478695303201675
1.0,68.0,77.0,135.0,3.9989071607589723,0.5372597575187683
2.0,41.0,74.0,82.0,3.999027669429779,3.9980416297912598
2.0,49.0,38.0,94.0,1.946657806634903,3.87308406829834
2.0,28.0,66.0,141.0,3.813571119308472,3.9989545345306396
2.0,33.0,72.0,57.0,3.9854366779327393,3.7640066146850586
2.0,33.0,36.0,97.0,2.118193507194519,3.9657607078552246
1.0,33.0,75.0,128.0,3.721109759807587,3.994969606399536
1.0,74.0,70.0,96.0,3.3970782041549685,0.8208076357841492
1.0,64.0,41.0,107.0,2.745337808132172,2.3299994468688965
2.0,73.0,65.0,143.0,3.670731627941132,3.935577154159546
1.0,69.0,31.0,111.0,1.9248050130903722,0.22931046783924103
2.0,46.0,76.0,143.0,3.969460821151734,3.079423666000366
1.0,58.0,67.0,130.0,2.8705297946929935,3.489014148712158
2.0,76.0,76.0,119.0,3.9514007806777958,3.062310218811035
1.0,67.0,42.0,140.0,2.1500291377305984,2.8230764865875244
2.0,31.0,77.0,139.0,3.9999118804931646,2.5952210426330566
2.0,72.0,76.0,135.0,3.9999150276184086,0.3331185579299927
2.0,60.0,68.0,134.0,3.8908535003662115,3.9942731857299805
1.0,66.0,68.0,139.0,3.9728345394134523,0.6671172380447388
2.0,36.0,48.0,120.0,2.544160580635071,2.1727330684661865
2.0,63.0,47.0,66.0,3.795396733283997,3.993126392364502
1.0,61.0,56.0,127.0,3.300996994972229,0.16539263725280762
2.0,27.0,34.0,73.0,2.6470649540424347,3.9987969398498535
2.0,38.0,63.0,120.0,3.9808042407035833,0.6887993216514587
2.0,75.0,77.0,143.0,3.9436758995056156,3.9873647689819336
2.0,31.0,36.0,86.0,3.7969506263732913,0.05703999847173691
2.0,27.0,66.0,134.0,2.2310538440942764,3.999727725982666
1.0,74.0,73.0,92.0,2.445597141981125,1.1808958053588867
2.0,64.0,75.0,142.0,3.994611465930939,3.994732141494751
2.0,51.0,39.0,116.0,3.9963000297546385,3.759946823120117
1.0,53.0,75.0,140.0,3.9747831344604494,3.980480909347534
2.0,29.0,31.0,61.0,1.8647908918559553,3.2911183834075928
2.0,28.0,37.0,65.0,3.8600714683532713,3.99833607673645
2.0,75.0,74.0,144.0,3.4092806577682495,3.221247434616089
2.0,72.0,60.0,114.0,3.997205221652985,3.8873891830444336
2.0,60.0,42.0,59.0,3.7568388104438784,1.9503662586212158
2.0,25.0,47.0,72.0,3.158510375022888,3.9869942665100098
2.0,73.0,69.0,134.0,3.6992022275924685,1.5070923566818237
1.0,75.0,75.0,95.0,1.8739391669631005,0.07141976803541183
1.0,56.0,62.0,134.0,3.3290791869163514,0.07908855378627777
2.0,75.0,29.0,118.0,3.406618058681488,3.3008644580841064
2.0,76.0,76.0,141.0,3.9253897905349735,1.2203248739242554
2.0,64.0,75.0,126.0,3.9998258590698246,3.7263481616973877
2.0,55.0,53.0,141.0,1.8624230284243823,3.927039623260498
2.0,76.0,64.0,144.0,3.9963040947914124,3.926074504852295
1.0,72.0,68.0,143.0,3.389562475681305,3.5321972370147705
1.0,65.0,69.0,117.0,1.868097147718072,0.412028431892395
2.0,61.0,74.0,144.0,3.9933354377746584,3.7998082637786865
2.0,52.0,52.0,58.0,3.9621278882026676,0.9737923741340637
1.0,29.0,66.0,59.0,3.253052639961243,0.41105082631111145
1.0,74.0,30.0,54.0,2.089053291082382,0.014600919559597969
2.0,52.0,59.0,100.0,3.998636770248413,3.6285483837127686
1.0,52.0,63.0,141.0,2.1731006801128387,3.959841728210449
1.0,51.0,46.0,133.0,3.388918232917786,0.9154846668243408
1.0,70.0,74.0,143.0,3.9978652000427246,3.527614116668701
2.0,52.0,42.0,123.0,3.3442800641059875,2.023465871810913
2.0,27.0,47.0,67.0,3.9164460539817814,3.9949066638946533
2.0,41.0,62.0,122.0,3.9573029518127445,1.4171408414840698
1.0,64.0,76.0,138.0,3.689080679416657,3.9984052181243896
1.0,75.0,73.0,126.0,3.9094464540481573,3.776167869567871
2.0,74.0,76.0,130.0,3.8746894717216493,3.274031400680542
1.0,71.0,77.0,144.0,3.998477053642273,3.6016292572021484
1.0,48.0,31.0,89.0,2.2728995621204375,3.7120847702026367
2.0,67.0,42.0,70.0,3.2754765629768374,3.9678752422332764
2.0,38.0,31.0,61.0,3.654766130447388,3.9476304054260254
2.0,50.0,36.0,62.0,3.9045724749565123,3.8592092990875244
1.0,71.0,59.0,143.0,2.866543108224869,3.9910123348236084
1.0,76.0,56.0,88.0,1.9138091459870339,0.07539625465869904
1.0,75.0,59.0,79.0,3.9953960180282593,1.3262492418289185
2.0,59.0,75.0,125.0,3.9990554690361027,3.9573898315429688
2.0,40.0,44.0,88.0,3.9738130331039434,3.8134257793426514
2.0,46.0,33.0,53.0,3.7409283876419073,0.00027011026395484805
1.0,73.0,73.0,111.0,3.2952238559722904,3.765458822250366
2.0,69.0,76.0,139.0,3.8753754138946537,0.8354104161262512
1.0,70.0,29.0,54.0,1.9824485376477243,0.34785953164100647
1.0,65.0,53.0,117.0,2.3142246931791304,0.015859344974160194
1.0,33.0,56.0,130.0,2.9673381209373475,1.7030096054077148
2.0,59.0,32.0,71.0,3.6772810578346253,3.282407283782959
1.0,73.0,74.0,99.0,3.71397784948349,0.0129178985953331
1.0,65.0,35.0,143.0,3.995942175388336,3.991896390914917
1.0,74.0,77.0,143.0,3.9988170742988585,3.996812582015991
1.0,49.0,77.0,90.0,3.9997513771057127,3.973945140838623
1.0,29.0,33.0,77.0,3.945245003700257,3.7436816692352295
1.0,67.0,31.0,99.0,3.9592324018478395,2.1244237422943115
2.0,31.0,71.0,99.0,3.875666785240173,3.9107511043548584
2.0,25.0,31.0,54.0,1.8571585681289435,2.0093376636505127
1.0,73.0,76.0,143.0,3.990996074676514,3.9596216678619385
1.0,64.0,45.0,63.0,2.5160430490970613,0.253994882106781
1.0,70.0,32.0,92.0,2.663243341445923,2.2281494140625
1.0,72.0,72.0,78.0,1.8623001839965583,0.6007571816444397
1.0,26.0,69.0,144.0,2.0081710249185565,3.814905881881714
2.0,26.0,32.0,117.0,2.401084136962891,3.781137704849243
2.0,51.0,67.0,125.0,3.9920763254165648,3.993246555328369
2.0,68.0,61.0,56.0,3.3126092314720155,3.5087029933929443
1.0,39.0,64.0,101.0,3.919157958030701,0.5437084436416626
2.0,30.0,40.0,88.0,3.5447097182273866,3.975083589553833
2.0,30.0,58.0,133.0,3.964058518409729,3.2893197536468506
1.0,73.0,51.0,70.0,3.902381420135498,3.9012885093688965
1.0,40.0,31.0,54.0,1.8276657121255995,3.7916250228881836
2.0,66.0,32.0,80.0,2.7713800072669983,3.999802589416504
2.0,37.0,73.0,142.0,3.9983427762985233,3.36122989654541
2.0,68.0,54.0,143.0,3.8822109699249268,3.9682552814483643
1.0,54.0,50.0,57.0,3.4181226372718814,3.786760091781616
2.0,34.0,66.0,131.0,3.9532359480857853,3.87949275970459
1.0,37.0,37.0,59.0,2.119969370961189,3.919025182723999
1.0,72.0,77.0,144.0,3.9999257802963255,3.9990622997283936
2.0,32.0,33.0,144.0,3.976606237888336,3.985678195953369
2.0,34.0,30.0,56.0,1.9554473832249641,3.9978082180023193
1.0,48.0,55.0,109.0,1.901633344590664,3.8154451847076416
2.0,68.0,64.0,79.0,3.994203650951386,3.9385673999786377
2.0,38.0,60.0,122.0,3.9808528900146483,3.763881206512451
2.0,45.0,37.0,132.0,2.1850299894809724,3.974123239517212
2.0,75.0,76.0,144.0,3.994150149822235,3.9996328353881836
2.0,69.0,31.0,54.0,3.9519732952117925,0.5982046127319336
2.0,31.0,40.0,64.0,3.254374432563782,1.2822840213775635
2.0,74.0,50.0,114.0,3.9865912795066833,3.996509313583374
1.0,75.0,37.0,61.0,1.9663938388228417,2.584803581237793
2.0,35.0,52.0,123.0,3.97155339717865,3.9971187114715576
1.0,68.0,77.0,117.0,3.4774947285652162,3.9806969165802
1.0,66.0,40.0,117.0,3.1243680000305174,3.853104829788208
2.0,26.0,37.0,139.0,3.352662825584412,3.9983069896698
2.0,48.0,50.0,100.0,2.002294932305813,3.996668815612793
2.0,30.0,51.0,72.0,3.9939078211784365,3.9821524620056152
1.0,73.0,59.0,139.0,3.417183351516724,3.4154343605041504
2.0,35.0,29.0,53.0,1.9732311487197878,3.7369701862335205
1.0,76.0,62.0,120.0,3.9777271389961246,3.6314406394958496
1.0,56.0,38.0,54.0,3.343264985084534,0.0012157878372818232
1.0,72.0,72.0,54.0,3.9193008899688726,2.31655216217041
2.0,33.0,47.0,133.0,3.621813762187958,3.9762961864471436
1.0,60.0,58.0,72.0,3.994142544269562,0.03739922493696213
1.0,25.0,32.0,55.0,1.8266153058037162,1.508851408958435
2.0,26.0,30.0,95.0,2.4630029737949375,3.9971837997436523
2.0,75.0,68.0,72.0,3.9804331421852117,1.9794756174087524
2.0,73.0,76.0,144.0,3.99672292470932,3.67915678024292
2.0,30.0,64.0,106.0,3.360458254814148,3.9935643672943115
1.0,74.0,77.0,137.0,3.637038373947144,3.999532699584961
2.0,26.0,31.0,55.0,2.910718059539795,3.5503017902374268
2.0,26.0,35.0,74.0,1.8976461417973043,2.970801830291748
2.0,61.0,60.0,73.0,1.877768521755934,0.37398263812065125
2.0,24.0,38.0,139.0,3.9589537501335146,3.8780109882354736
2.0,72.0,76.0,144.0,3.999207711219788,3.93855357170105
1.0,40.0,71.0,101.0,3.478130578994751,0.5015124678611755
1.0,31.0,62.0,104.0,3.6833891034126283,3.1435298919677734
2.0,28.0,71.0,138.0,3.718876612186432,3.9978039264678955
2.0,37.0,49.0,82.0,3.249368143081665,3.7239480018615723
1.0,53.0,69.0,128.0,3.9579646348953252,0.08373358100652695
1.0,30.0,61.0,103.0,3.9677691102027897,0.7723634839057922
2.0,40.0,77.0,140.0,3.96719069480896,1.3534473180770874
1.0,63.0,30.0,89.0,1.928803263604641,3.8707878589630127
2.0,55.0,33.0,102.0,3.785734927654267,3.9735682010650635
2.0,29.0,37.0,120.0,3.150706684589386,3.7484664916992188
1.0,44.0,31.0,53.0,1.805726871546358,2.3203254386316985e-05
2.0,63.0,38.0,57.0,3.8419648766517644,3.7578213214874268
1.0,71.0,77.0,144.0,3.996204829216004,3.8262996673583984
1.0,52.0,64.0,131.0,3.9679970145225525,2.083997964859009
1.0,59.0,75.0,73.0,3.9972015500068663,3.7325220108032227
1.0,51.0,77.0,139.0,3.864974558353424,3.8009800910949707
2.0,42.0,72.0,53.0,2.641965037584305,1.1680827140808105
1.0,42.0,76.0,104.0,3.392107450962067,3.5341808795928955
2.0,39.0,52.0,79.0,3.5970891594886782,0.24563278257846832
1.0,26.0,39.0,54.0,2.7421141028404237,3.368769645690918
2.0,28.0,36.0,53.0,3.129143762588501,0.16934247314929962
1.0,74.0,41.0,108.0,2.709967464208603,2.0776822566986084
2.0,71.0,72.0,142.0,3.81181161403656,0.04549289867281914
1.0,30.0,29.0,54.0,1.968960876762867,0.9265924096107483
2.0,27.0,55.0,86.0,3.89703209400177,3.9991343021392822
2.0,28.0,41.0,65.0,3.5411697268486027,3.947437286376953
2.0,52.0,40.0,121.0,3.944815683364868,3.994220018386841
2.0,33.0,31.0,54.0,1.8338829297572374,2.1507956981658936
2.0,62.0,66.0,141.0,3.993058753013611,1.8776459693908691
1.0,37.0,38.0,69.0,1.868322503194213,1.22040855884552
2.0,73.0,51.0,137.0,3.974126696586609,3.8499650955200195
2.0,44.0,77.0,144.0,3.9999868869781494,3.9995594024658203
2.0,73.0,75.0,119.0,3.9058454871177677,3.933976888656616
2.0,42.0,61.0,114.0,3.9913823843002323,0.6389012336730957
1.0,71.0,51.0,142.0,3.5904808521270755,3.9025416374206543
2.0,66.0,48.0,62.0,3.5776711344718937,3.182086944580078
2.0,29.0,32.0,108.0,1.8446119632571936,2.735781192779541
1.0,29.0,31.0,137.0,3.242138934135437,0.06931578367948532
1.0,52.0,41.0,144.0,2.359668034315109,0.8397403359413147
1.0,53.0,69.0,124.0,2.8945988774299622,3.998199224472046
1.0,42.0,61.0,84.0,1.904235164821148,3.947871446609497
2.0,28.0,62.0,62.0,3.991901397705078,3.9764599800109863
2.0,71.0,36.0,103.0,3.644621503353119,3.144411087036133
1.0,32.0,58.0,67.0,2.1214700251817704,0.1686423271894455
1.0,73.0,46.0,143.0,2.594907319545746,3.812711238861084
1.0,29.0,44.0,139.0,2.088576075434685,3.609443426132202
1.0,74.0,74.0,107.0,3.9983359575271606,3.9780454635620117
2.0,27.0,33.0,112.0,3.2433762788772587,3.89862322807312
1.0,50.0,30.0,54.0,2.1066705703735353,0.8957776427268982
1.0,72.0,50.0,126.0,1.8990781493484974,0.13252611458301544
2.0,52.0,54.0,144.0,3.9769968748092657,3.489187240600586
1.0,61.0,30.0,53.0,2.998729383945465,2.0475056171417236
2.0,40.0,67.0,142.0,3.4128477931022645,3.999392032623291
1.0,74.0,75.0,84.0,2.7841933965682983,0.016366442665457726
2.0,43.0,31.0,130.0,3.6326818346977237,2.842288017272949
2.0,53.0,36.0,70.0,3.0558072209358214,3.9438302516937256
1.0,72.0,76.0,137.0,3.8183619618415836,3.1697726249694824
2.0,66.0,76.0,144.0,3.995884215831757,3.200549602508545
1.0,39.0,30.0,56.0,1.8454875197261573,0.6406832933425903
2.0,48.0,51.0,141.0,3.413093400001526,3.891908884048462
2.0,37.0,44.0,115.0,3.9828793764114385,3.8394782543182373
1.0,67.0,54.0,139.0,3.771379578113556,3.9608209133148193
2.0,75.0,72.0,142.0,3.9050715565681458,3.0968024730682373
1.0,70.0,72.0,114.0,3.182669544219971,0.3020705282688141
2.0,42.0,54.0,67.0,3.6013527274131776,3.1020610332489014
1.0,62.0,77.0,144.0,3.9803281068801883,3.9786388874053955
1.0,66.0,74.0,121.0,3.9517464399337774,1.1884434223175049
1.0,55.0,44.0,54.0,3.873884463310242,3.612844944000244
2.0,46.0,55.0,131.0,3.7641442060470585,2.976520538330078
1.0,69.0,68.0,134.0,3.9950348854064943,3.571068286895752
2.0,56.0,35.0,127.0,2.4767776131629944,3.9970591068267822
2.0,52.0,32.0,69.0,3.99588919878006,3.9995932579040527
1.0,36.0,77.0,135.0,3.9680733323097233,2.860504388809204
1.0,75.0,69.0,58.0,2.6366037130355835,2.7872378826141357
2.0,28.0,39.0,55.0,2.055242642760277,1.5025123357772827
1.0,59.0,32.0,54.0,2.2454484671354296,0.4125542640686035
1.0,71.0,49.0,138.0,3.5153179287910463,0.39922934770584106
1.0,33.0,32.0,60.0,1.8312697667628528,0.24459566175937653
1.0,30.0,29.0,70.0,3.1655900955200194,0.24646668136119843
2.0,68.0,76.0,132.0,3.9991767644882206,3.995098352432251
1.0,63.0,51.0,139.0,3.942262971401215,3.9437756538391113
1.0,42.0,36.0,53.0,1.814202523417771,0.0002790529979392886
2.0,27.0,31.0,54.0,2.9414658665657045,2.732607841491699
1.0,50.0,76.0,143.0,3.976280772686005,3.893409252166748
2.0,56.0,63.0,129.0,3.87950758934021,3.72977876663208
1.0,75.0,77.0,140.0,3.991571080684662,2.934736728668213
2.0,67.0,38.0,108.0,3.7677775621414185,3.625354528427124
1.0,54.0,76.0,143.0,3.9574714541435245,3.9973552227020264
1.0,58.0,42.0,103.0,2.642112755775452,2.4938015937805176
2.0,67.0,72.0,129.0,3.8429942488670354,3.9016032218933105
1.0,66.0,67.0,140.0,3.956115174293518,3.9842262268066406
1.0,31.0,38.0,66.0,2.662535172700882,2.309781551361084
1.0,65.0,59.0,130.0,3.9851181626319887,3.8307504653930664
1.0,47.0,34.0,61.0,3.454404664039612,3.941890001296997
2.0,66.0,65.0,102.0,3.994642281532288,3.990010976791382
1.0,43.0,76.0,141.0,3.908053064346314,3.994893789291382
2.0,53.0,77.0,141.0,3.9999601364135744,3.9174420833587646
1.0,45.0,48.0,56.0,1.8801920376718044,0.0006831008940935135
1.0,75.0,77.0,132.0,3.999056255817414,2.9278316497802734
2.0,34.0,74.0,68.0,3.956221652030945,3.9077255725860596
1.0,75.0,72.0,130.0,3.266662907600403,0.3894210457801819
2.0,35.0,72.0,142.0,3.972998321056366,3.828096866607666
2.0,55.0,34.0,87.0,3.9669873118400574,2.9150352478027344
2.0,57.0,31.0,53.0,2.4499989211559297,0.062062207609415054
2.0,70.0,65.0,127.0,3.9965190172195433,2.4406962394714355
2.0,30.0,74.0,129.0,3.961558520793915,3.9699065685272217
1.0,70.0,39.0,142.0,2.1503976792097093,0.29325032234191895
2.0,38.0,63.0,142.0,3.9960963845252992,3.9984889030456543
1.0,73.0,42.0,55.0,3.949965691566468,3.8112988471984863
2.0,75.0,77.0,134.0,3.985144257545471,3.9988467693328857
1.0,39.0,45.0,140.0,1.9755194693803788,3.800504207611084
2.0,44.0,39.0,53.0,3.9059534072875977,1.9703381061553955
2.0,74.0,76.0,142.0,3.9858480334281925,3.9982025623321533
2.0,70.0,74.0,56.0,3.9752017021179205,0.019822251051664352
2.0,67.0,41.0,72.0,2.80118151307106,0.2622089087963104
2.0,41.0,60.0,138.0,3.8562707901000977,3.9249162673950195
1.0,76.0,50.0,87.0,3.4170362234115603,3.2305755615234375
1.0,72.0,56.0,142.0,3.888834619522095,3.995964288711548
1.0,56.0,40.0,122.0,3.8352983474731444,0.5531985759735107
1.0,41.0,73.0,126.0,3.810290503501892,3.960426092147827
1.0,38.0,72.0,105.0,3.0821413159370423,3.988616943359375
2.0,29.0,61.0,134.0,3.8708691239357,3.9611282348632812
1.0,70.0,70.0,140.0,3.930121886730194,0.14474661648273468
2.0,47.0,73.0,136.0,3.9315030813217167,3.986067771911621
2.0,25.0,77.0,143.0,3.998590743541718,3.9899208545684814
1.0,73.0,58.0,87.0,3.533631181716919,1.8735672235488892
2.0,50.0,43.0,137.0,2.4772559106349945,3.3855810165405273
2.0,40.0,36.0,106.0,3.6150859951972962,3.2879738807678223
2.0,34.0,76.0,144.0,3.816803216934204,3.9997096061706543
2.0,71.0,77.0,143.0,3.952818298339844,3.762277364730835
2.0,68.0,31.0,80.0,1.8263852009549737,0.7042818665504456
1.0,74.0,72.0,122.0,3.9561644792556763,2.731200933456421
1.0,58.0,77.0,142.0,3.996551144123077,3.98300838470459
2.0,43.0,50.0,139.0,2.0994587033987044,3.997765302658081
1.0,68.0,58.0,82.0,2.1623251855373384,3.964002847671509
2.0,30.0,33.0,69.0,3.8464652657508855,3.0440523624420166
2.0,72.0,76.0,134.0,3.9810851216316223,3.6280999183654785
2.0,25.0,39.0,70.0,3.9840501070022585,2.4684689044952393
2.0,28.0,67.0,142.0,3.6772571921348574,3.9992806911468506
2.0,53.0,51.0,143.0,3.1592654228210453,3.8302383422851562
1.0,60.0,52.0,144.0,3.9816828131675726,3.985633611679077
2.0,69.0,75.0,134.0,3.9963789701461794,3.9978373050689697
1.0,73.0,76.0,137.0,3.2352182745933535,3.8166637420654297
2.0,47.0,75.0,130.0,3.99863178730011,3.999316692352295
2.0,63.0,77.0,56.0,3.857583010196686,3.958557605743408
2.0,33.0,44.0,112.0,3.8943705439567564,3.957735776901245
2.0,67.0,69.0,86.0,3.6398311853408813,3.9422836303710938
2.0,62.0,74.0,54.0,3.0503940343856812,2.7152397632598877
1.0,61.0,52.0,55.0,3.846639931201935,1.6407430171966553
1.0,30.0,70.0,138.0,3.9976678490638733,3.777885675430298
1.0,70.0,39.0,134.0,3.9971620798110967,3.973398447036743
1.0,52.0,59.0,102.0,2.099714571237564,3.3879427909851074
1.0,62.0,74.0,123.0,3.9967570185661314,2.8760290145874023
2.0,69.0,72.0,144.0,3.996840941905975,3.990525722503662
2.0,68.0,69.0,134.0,3.9896129131317144,2.4489636421203613
2.0,43.0,29.0,53.0,2.12775562107563,2.9689149856567383
2.0,72.0,71.0,137.0,3.9141313433647156,3.709815502166748
2.0,75.0,71.0,95.0,3.968479180335999,3.6324825286865234
2.0,70.0,75.0,93.0,3.969977474212647,1.6545586585998535
2.0,30.0,30.0,60.0,1.868313242122531,3.9963912963867188
1.0,27.0,29.0,54.0,1.8037929612910375,0.028373366221785545
2.0,68.0,75.0,88.0,3.2924217343330384,3.9575135707855225
2.0,76.0,69.0,127.0,3.6890305876731873,3.9803078174591064
2.0,30.0,35.0,76.0,3.9162378191947935,3.8480727672576904
1.0,46.0,47.0,106.0,3.825126576423645,2.28420352935791
1.0,30.0,29.0,68.0,1.8240522960200907,3.5124106407165527
1.0,49.0,48.0,55.0,3.2366978168487552,0.008544010110199451
2.0,40.0,48.0,55.0,3.934572446346283,2.422438859939575
2.0,51.0,69.0,120.0,3.785948145389557,3.927496910095215
1.0,74.0,76.0,138.0,3.9998415946960453,3.9781644344329834
1.0,47.0,51.0,59.0,1.944377599656582,0.0005070008337497711
1.0,75.0,75.0,143.0,3.2306605815887455,0.4305035173892975
1.0,46.0,76.0,141.0,3.99969551563263,3.997706890106201
2.0,70.0,76.0,143.0,3.9953905105590826,3.9952728748321533
1.0,41.0,33.0,143.0,3.98559377193451,2.607487916946411
2.0,50.0,30.0,53.0,2.1444523662328723,0.0006516143912449479
2.0,51.0,45.0,91.0,3.377919948101044,3.9877665042877197
2.0,72.0,71.0,141.0,3.9733644366264347,3.807593822479248
1.0,73.0,70.0,97.0,3.9902869224548345,0.059527866542339325
1.0,75.0,42.0,90.0,3.4644310116767887,3.636779308319092
2.0,49.0,63.0,84.0,2.4866928279399874,3.9944581985473633
2.0,56.0,56.0,144.0,3.991720044612885,3.9830708503723145
2.0,33.0,43.0,95.0,3.8764285206794744,3.9936723709106445
2.0,28.0,33.0,72.0,3.995763969421387,3.995833396911621
2.0,45.0,77.0,144.0,3.999206399917603,3.992959976196289
2.0,73.0,58.0,102.0,3.2818488359451297,0.22436867654323578
1.0,51.0,38.0,59.0,1.8236288458108902,2.090019941329956
1.0,55.0,38.0,98.0,3.430592727661133,1.3315701484680176
2.0,70.0,48.0,131.0,3.8828936338424684,3.995612144470215
2.0,28.0,76.0,141.0,3.5631391525268556,3.9998207092285156
2.0,74.0,76.0,131.0,3.9596596240997313,3.8851423263549805
2.0,53.0,75.0,144.0,3.9883165597915653,3.999907970428467
2.0,71.0,76.0,139.0,3.9988089442253116,1.2487181425094604
2.0,52.0,58.0,86.0,3.9975777626037603,3.9720795154571533
2.0,31.0,31.0,135.0,2.392485535144806,3.9757416248321533
1.0,56.0,39.0,54.0,3.9315767765045164,2.1177728176116943
2.0,75.0,55.0,138.0,2.9337748169898985,3.8247792720794678
2.0,49.0,76.0,102.0,3.980401933193207,3.9913573265075684
2.0,35.0,53.0,65.0,3.5583834528923037,0.047101445496082306
2.0,67.0,49.0,53.0,3.7459168434143066,2.2161500453948975
1.0,31.0,75.0,135.0,3.891482400894165,1.637075424194336
1.0,59.0,33.0,77.0,1.942845490574837,1.692070722579956
1.0,63.0,35.0,61.0,3.8273843765258793,2.701462984085083
1.0,75.0,77.0,139.0,3.010587358474732,2.072239875793457
2.0,75.0,38.0,59.0,3.994035148620606,3.956958770751953
1.0,51.0,63.0,128.0,2.002421981096268,1.7998106479644775
1.0,72.0,77.0,144.0,3.9986666679382328,3.9135284423828125
1.0,72.0,76.0,132.0,3.830505537986755,3.979670524597168
1.0,56.0,75.0,137.0,2.5382548689842226,3.408233404159546
1.0,50.0,38.0,68.0,2.168717324733734,1.674777626991272
1.0,40.0,77.0,143.0,3.994081830978394,3.4163310527801514
2.0,71.0,56.0,138.0,3.00271167755127,3.9708516597747803
2.0,24.0,47.0,95.0,3.6034632682800294,3.998919725418091
1.0,74.0,62.0,107.0,3.951233065128327,3.069343328475952
2.0,62.0,51.0,68.0,3.9984260439872745,0.09830709546804428
2.0,51.0,76.0,144.0,3.9992446899414062,3.975433588027954
2.0,63.0,34.0,54.0,3.9292067289352417,2.645599842071533
1.0,76.0,30.0,57.0,3.5650616526603702,2.6145265102386475
2.0,35.0,29.0,123.0,2.5424944400787357,3.965369701385498
2.0,26.0,76.0,124.0,3.488488292694092,0.22619590163230896
2.0,26.0,29.0,60.0,1.9684424042701723,0.027830949053168297
2.0,52.0,54.0,86.0,1.8632330607622862,3.7476253509521484
2.0,30.0,47.0,54.0,3.730787301063538,2.0981249809265137
1.0,73.0,77.0,143.0,3.9999575138092043,3.0870563983917236
1.0,52.0,58.0,136.0,3.7010314941406253,3.8979129791259766
2.0,50.0,74.0,141.0,3.90292718410492,3.6267032623291016
2.0,61.0,60.0,57.0,3.867611062526703,3.159651279449463
2.0,55.0,31.0,73.0,3.6423137426376346,3.9828221797943115
2.0,74.0,64.0,127.0,3.9995375037193304,3.9679391384124756
1.0,74.0,70.0,143.0,3.797350573539734,2.7020790576934814
2.0,59.0,56.0,63.0,2.3416390389204027,2.610516309738159
2.0,51.0,53.0,119.0,2.34535208940506,0.41364437341690063
2.0,56.0,32.0,128.0,1.8221493527293207,2.664748430252075
1.0,72.0,70.0,144.0,3.999954891204834,3.8767809867858887
1.0,73.0,58.0,138.0,3.9015078306198125,0.937811553478241
2.0,54.0,32.0,61.0,1.851286819204688,2.358421564102173
1.0,74.0,53.0,143.0,3.9912668585777284,3.7777457237243652
2.0,26.0,59.0,126.0,3.879787945747376,3.9569759368896484
1.0,26.0,31.0,55.0,2.1175554931163787,1.845808744430542
2.0,67.0,77.0,133.0,3.9983756899833685,3.92065691947937
1.0,30.0,38.0,110.0,3.4735896706581117,0.19036628305912018
2.0,65.0,76.0,123.0,3.9649049639701843,3.451564073562622
2.0,43.0,57.0,77.0,2.663329166173935,3.903158187866211
2.0,72.0,30.0,53.0,1.9793391779065133,1.328677773475647
1.0,28.0,46.0,117.0,2.4016401290893556,3.5451223850250244
2.0,29.0,39.0,65.0,3.200081539154053,3.734720468521118
2.0,57.0,71.0,57.0,3.8440575838088993,0.019092770293354988
2.0,58.0,75.0,143.0,3.5559383988380433,3.997722864151001
1.0,64.0,73.0,73.0,3.782511878013611,0.18751856684684753
1.0,33.0,60.0,75.0,2.173895263671875,0.44540122151374817
1.0,69.0,31.0,62.0,2.556783503293991,1.6494160890579224
2.0,50.0,77.0,143.0,3.99969551563263,3.9997305870056152
2.0,75.0,67.0,89.0,3.999258065223694,0.590182363986969
2.0,69.0,30.0,143.0,3.3075819611549377,1.9775500297546387
1.0,56.0,48.0,75.0,2.5724437296390534,3.3548219203948975
2.0,25.0,30.0,55.0,2.3120244264602663,0.037552885711193085
1.0,51.0,36.0,65.0,1.842163897305727,0.06321631371974945
1.0,37.0,29.0,121.0,2.1487636983394625,0.16432560980319977
2.0,73.0,75.0,136.0,3.973628664016724,1.4363350868225098
1.0,63.0,73.0,86.0,2.295464777946472,0.04137350246310234
2.0,51.0,70.0,84.0,3.8232672810554504,3.9938771724700928
2.0,51.0,30.0,54.0,3.47831848859787,3.9790687561035156
2.0,60.0,76.0,122.0,3.8369188547134403,3.9960455894470215
2.0,26.0,76.0,111.0,3.039638340473175,1.8733534812927246
1.0,73.0,77.0,136.0,3.9933617949485782,2.4997501373291016
1.0,38.0,65.0,82.0,3.322103977203369,0.0035968292504549026
2.0,52.0,38.0,123.0,3.955517220497131,1.0324434041976929
2.0,44.0,73.0,141.0,3.9897554516792297,3.956321954727173
2.0,68.0,51.0,118.0,3.5838270425796512,0.24322755634784698
2.0,73.0,73.0,144.0,3.421560609340668,3.99591064453125
2.0,42.0,49.0,87.0,2.066927705705166,2.1801540851593018
2.0,40.0,53.0,112.0,3.9922558426857,3.989638566970825
2.0,40.0,70.0,71.0,3.9996296882629396,3.9940378665924072
1.0,49.0,66.0,109.0,3.139466726779938,3.9442763328552246
2.0,31.0,37.0,143.0,1.814198453258723,2.043815851211548
1.0,76.0,76.0,134.0,3.921835637092591,2.627695083618164
2.0,68.0,56.0,60.0,3.9093216180801393,2.245746374130249
1.0,61.0,69.0,143.0,3.7178395032882694,3.9727206230163574
1.0,71.0,47.0,60.0,2.937772059440613,0.0022665802389383316
2.0,75.0,50.0,111.0,3.9947200417518616,3.981736898422241
2.0,65.0,53.0,143.0,3.923214995861054,3.954970359802246
1.0,72.0,72.0,58.0,2.924932837486267,3.3247358798980713
1.0,75.0,64.0,99.0,3.857475221157074,3.9870965480804443
2.0,63.0,29.0,53.0,2.1400339990854262,3.9962732791900635
2.0,74.0,77.0,89.0,3.998635458946228,3.7300941944122314
2.0,28.0,49.0,139.0,3.8810123085975645,3.787566661834717
2.0,53.0,45.0,135.0,2.070989874005318,3.9872021675109863
1.0,60.0,30.0,86.0,2.691288423538208,3.960047960281372
2.0,66.0,72.0,140.0,3.9894130706787108,3.8993871212005615
2.0,28.0,54.0,142.0,3.997940337657929,3.986482620239258
2.0,75.0,40.0,105.0,3.949497425556183,3.996917724609375
2.0,50.0,45.0,63.0,3.8827103137969976,3.4988813400268555
2.0,63.0,44.0,140.0,3.9794511079788206,3.924034595489502
2.0,29.0,48.0,99.0,3.824002659320832,3.994141101837158
1.0,72.0,76.0,142.0,3.9889402151107793,3.987964630126953
1.0,69.0,68.0,68.0,3.815252339839936,2.306408405303955
1.0,43.0,59.0,112.0,3.524196493625641,0.9823558926582336
2.0,50.0,35.0,59.0,2.28283411860466,0.30029717087745667
1.0,66.0,69.0,144.0,3.2654365777969363,2.8705148696899414
1.0,75.0,74.0,142.0,3.9097525119781498,3.9981436729431152
1.0,45.0,69.0,56.0,3.7383207321166996,0.10308831930160522
1.0,75.0,76.0,144.0,3.9982220053672792,3.991995096206665
2.0,67.0,31.0,60.0,3.9824059963226324,0.02094952203333378
1.0,76.0,75.0,142.0,3.9978856563568117,3.185410261154175
2.0,75.0,71.0,119.0,3.8572566270828252,3.3515355587005615
1.0,72.0,76.0,110.0,3.9884200215339662,0.8216281533241272
2.0,69.0,31.0,53.0,2.4313084065914152,0.007178246043622494
2.0,60.0,48.0,92.0,3.9974197506904607,3.947951316833496
1.0,24.0,69.0,139.0,2.343371564149857,0.888482928276062
2.0,39.0,43.0,55.0,2.3393736660480497,2.4929964542388916
2.0,69.0,75.0,143.0,3.996654999256134,3.0657010078430176
1.0,26.0,54.0,138.0,1.9071855373680593,1.3066041469573975
1.0,55.0,51.0,121.0,3.8253367781639103,3.3042943477630615
1.0,30.0,51.0,71.0,2.0581550285220147,3.9828808307647705
1.0,71.0,49.0,139.0,3.9113807559013365,1.7998679876327515
2.0,32.0,56.0,132.0,3.6788161993026733,3.243133544921875
2.0,75.0,75.0,133.0,3.994274854660034,3.4342424869537354
1.0,58.0,42.0,55.0,1.8214986763894558,2.532304048538208
2.0,49.0,32.0,120.0,3.8603067159652715,3.8999345302581787
2.0,65.0,57.0,64.0,3.844739329814911,3.7033684253692627
1.0,46.0,53.0,138.0,3.9828437089920046,1.3664509057998657
2.0,74.0,76.0,144.0,3.9682083964347843,3.9646918773651123
2.0,71.0,31.0,144.0,3.9572436809539795,3.9978201389312744
1.0,74.0,53.0,93.0,3.9171317338943483,2.6493990421295166
2.0,74.0,76.0,144.0,3.9980725169181826,3.901188611984253
2.0,74.0,31.0,54.0,3.5773367524147037,0.191693514585495
2.0,34.0,59.0,115.0,2.95738822221756,3.9226913452148438
2.0,57.0,76.0,144.0,3.999838185310364,3.8707923889160156
2.0,54.0,46.0,81.0,3.8746094822883608,3.998105525970459
1.0,65.0,37.0,142.0,3.8254819393157957,3.929807424545288
1.0,39.0,41.0,110.0,3.932349133491516,0.3711204528808594
1.0,76.0,76.0,121.0,2.2247326135635377,3.7186672687530518
1.0,40.0,73.0,142.0,3.9652709484100344,3.991492748260498
1.0,55.0,50.0,70.0,3.5401520252227785,2.8829641342163086
1.0,36.0,36.0,131.0,3.6178654313087466,3.963602066040039
2.0,37.0,49.0,57.0,3.8814960479736333,3.9348175525665283
1.0,76.0,76.0,142.0,3.921391105651856,3.787479877471924
2.0,49.0,36.0,63.0,3.918270862102509,3.9034156799316406
1.0,33.0,32.0,53.0,1.8598088901489973,0.06477464735507965
1.0,75.0,76.0,61.0,3.9210548877716063,0.1153918132185936
1.0,75.0,60.0,80.0,2.208409360051155,3.6545000076293945
1.0,56.0,36.0,61.0,3.814047777652741,3.8506693840026855
2.0,56.0,72.0,141.0,3.9381849527359014,1.44297194480896
1.0,65.0,72.0,130.0,3.994768035411835,3.6584646701812744
2.0,74.0,68.0,134.0,3.9998672962188726,3.992126703262329
2.0,67.0,75.0,141.0,3.9793892145156864,3.9624838829040527
1.0,74.0,30.0,95.0,3.028667724132538,1.8126214742660522
1.0,61.0,76.0,132.0,3.99235759973526,3.983381986618042
1.0,76.0,76.0,143.0,3.997531473636627,2.8148396015167236
1.0,70.0,75.0,144.0,3.9791092514991764,3.942044258117676
1.0,40.0,74.0,144.0,2.184836506843567,3.8829429149627686
1.0,72.0,57.0,83.0,3.3861045718193057,0.009064414538443089
2.0,27.0,32.0,60.0,2.0730020999908447,3.702267646789551
1.0,69.0,53.0,87.0,3.4584235429763797,3.89481782913208
1.0,75.0,76.0,134.0,2.5230086863040926,0.5535467863082886
2.0,74.0,55.0,141.0,3.99082704782486,3.778043746948242
2.0,44.0,35.0,140.0,2.6219449937343597,3.9758455753326416
1.0,32.0,76.0,144.0,3.999461448192597,3.9998631477355957
2.0,46.0,77.0,141.0,3.997524917125702,0.6190280914306641
2.0,61.0,70.0,62.0,3.5664221286773685,3.1518518924713135
1.0,70.0,57.0,144.0,1.8206142891198398,2.6260135173797607
2.0,69.0,30.0,85.0,1.82243194244802,3.9804606437683105
2.0,54.0,57.0,101.0,3.9949202775955204,1.1723461151123047
2.0,48.0,46.0,63.0,1.9381102308630944,3.903759479522705
2.0,51.0,43.0,75.0,3.832164072990418,3.4739062786102295
2.0,26.0,34.0,115.0,3.7917429208755493,3.8918869495391846
1.0,75.0,77.0,144.0,3.9959095239639284,3.8669230937957764
1.0,72.0,69.0,144.0,3.99387674331665,1.0998735427856445
1.0,61.0,61.0,116.0,3.96609103679657,3.964928388595581
1.0,47.0,52.0,100.0,3.4669934272766114,3.9239892959594727
1.0,55.0,68.0,100.0,3.964118707180023,3.3042004108428955
2.0,39.0,29.0,54.0,1.8105788197368384,2.8277764320373535
2.0,73.0,49.0,57.0,3.82694548368454,3.9564197063446045
2.0,73.0,77.0,117.0,3.999894833564759,3.913877487182617
2.0,49.0,41.0,105.0,2.8999428272247316,0.13857121765613556
2.0,40.0,44.0,133.0,3.9953392386436466,3.9626224040985107
1.0,36.0,35.0,75.0,2.7910287559032443,0.08715727925300598
2.0,65.0,71.0,144.0,3.5824773192405703,0.5208896994590759
1.0,60.0,77.0,143.0,3.9805263757705687,3.9552435874938965
1.0,25.0,46.0,56.0,2.0562455266714097,3.198756217956543
1.0,27.0,72.0,119.0,3.749561083316803,0.842847466468811
2.0,38.0,62.0,139.0,3.879074203968048,3.995946168899536
2.0,32.0,62.0,130.0,3.991003680229187,3.5725815296173096
1.0,41.0,65.0,138.0,1.822205201908946,3.989091634750366
1.0,38.0,30.0,89.0,1.8065751616377383,3.8617818355560303
2.0,73.0,51.0,117.0,3.9412021279335026,3.9642865657806396
1.0,57.0,55.0,75.0,3.525801265239716,1.1843417882919312
2.0,73.0,31.0,54.0,1.8361953906714916,3.920715093612671
2.0,53.0,30.0,53.0,3.5409668684005737,0.39418354630470276
2.0,76.0,66.0,67.0,3.9213605523109436,3.8576834201812744
1.0,74.0,63.0,94.0,3.111051857471466,0.18138661980628967
2.0,64.0,75.0,136.0,3.7898298621177675,0.40803536772727966
2.0,53.0,50.0,123.0,3.9971529006958013,3.2063841819763184
2.0,75.0,75.0,84.0,3.963489282131195,3.979517936706543
2.0,49.0,31.0,76.0,2.3955789625644686,3.8215882778167725
2.0,32.0,30.0,54.0,2.3246457099914553,3.810450315475464
1.0,74.0,73.0,59.0,1.8516013473272324,0.20880410075187683
1.0,55.0,50.0,141.0,3.8401388883590704,3.989837884902954
1.0,70.0,70.0,123.0,1.9444877818226816,3.7953505516052246
1.0,74.0,34.0,77.0,3.925553703308106,1.3399367332458496
1.0,72.0,36.0,140.0,2.4245627403259276,3.620086431503296
1.0,26.0,65.0,143.0,3.9659791827201847,3.970184564590454
1.0,74.0,76.0,144.0,3.998022294044495,3.9915683269500732
1.0,43.0,73.0,140.0,3.7674320340156555,3.9643807411193848
2.0,63.0,41.0,132.0,2.6765272259712223,3.8852121829986572
2.0,24.0,42.0,85.0,3.764648532867432,3.996999979019165
2.0,43.0,44.0,54.0,3.1498985290527344,0.6199038624763489
1.0,63.0,38.0,57.0,2.10422023832798,0.033999111503362656
2.0,74.0,49.0,126.0,3.9814197659492496,3.472975730895996
1.0,49.0,70.0,142.0,3.2237513303756717,3.983833074569702
1.0,66.0,75.0,143.0,3.9970203280448917,3.9426727294921875
1.0,72.0,72.0,144.0,3.9998709678649904,3.9778149127960205
1.0,67.0,57.0,67.0,3.980394196510315,0.0009181913919746876
2.0,72.0,40.0,139.0,3.8842728614807127,3.4553370475769043
1.0,31.0,29.0,53.0,2.719130122661591,2.962594747543335
1.0,45.0,71.0,141.0,3.944771099090576,1.5436937808990479
2.0,63.0,33.0,65.0,3.9679345965385435,3.7786412239074707
1.0,58.0,76.0,142.0,3.87895382642746,3.998758316040039
2.0,70.0,73.0,138.0,3.5183264493942263,1.6661787033081055
2.0,65.0,35.0,56.0,2.768295168876648,0.02368016727268696
2.0,66.0,32.0,63.0,2.26594811975956,3.219860553741455
1.0,42.0,63.0,87.0,1.8717311963438987,3.889533758163452
1.0,68.0,73.0,117.0,3.9714136123657227,3.9872653484344482
